"method","source","criteria","rate","err","typ2","typ2.err","typ1","typ1.err"
"GP","0paret","Pareto Distance",0.242238495771481,0.00428437868235117,0.0793554476873316,0.0027029273132971,0.189723170622955,0.00392081992893997
"GP","1adapt","Pareto Distance",0.177687560271596,0.0038224951431797,0.0485751135391492,0.0021497807303027,0.159032589992497,0.00365706474256028
"GP","2rando","Pareto Distance",0.237658155369327,0.00425648630393398,0.0750843083226846,0.00263527332484486,0.192708841461661,0.00394426347857449
"GP","0paret","Threshold Cutoff",0.000905253844475773,0.00030073815187848,0.000213069637699552,0.000145953499111547,0.000907358804827445,0.000301087280506292
"GP","1adapt","Threshold Cutoff",0.000425566452754854,0.000206248720226125,9.02648101896525e-05,9.50035064898627e-05,0.000494944727308892,0.000222418469787426
"GP","2rando","Threshold Cutoff",0.000646768274024778,0.00025423413713042,0.000168504116874152,0.000129798198460822,0.000535611439819245,0.000231370819293354
"GP","0paret","Utopia Distance",0.0665161770292099,0.00249182212893755,0.00584930769517199,0.00076256759009672,0.173055273415185,0.00378295051194674
"GP","1adapt","Utopia Distance",0.0193137049315163,0.00137625163881227,0.00187124767327987,0.000432174282601952,0.0490212512521426,0.00215912408577684
"GP","2rando","Utopia Distance",0.0413540686392119,0.00199107783991976,0.00333995026060965,0.000576957103506518,0.114675658662544,0.0031863011780567
