"method","source","criteria","rate","err","typ2","typ2.err","typ1","typ1.err"
"GP","0paret","Pareto Distance",0.24223885023594,0.00428438081491725,0.0793556182033012,0.00270292996695943,0.189723327140954,0.0039208211675556
"GP","1adapt","Pareto Distance",0.114696702595993,0.00318655564849571,0.0340605009826269,0.00181384627946911,0.0968404125026239,0.00295740337135375
"GP","2rando","Pareto Distance",0.201770902961855,0.00401322072255953,0.0665188780433993,0.00249186911588965,0.154909526699696,0.00361818414729505
"GP","0paret","Threshold Cutoff",0.000905255187853012,0.000300738374820687,0.000213070864609166,0.000145953919240225,0.000907353852748574,0.000301086459631528
"GP","1adapt","Threshold Cutoff",0.000425563571239092,0.000206248022265894,9.02643195713413e-05,9.50032483254934e-05,0.00049494054231563,0.00022241752992406
"GP","2rando","Threshold Cutoff",0.000500382220413431,0.000223636275690445,9.15879882203394e-05,9.56972308171731e-05,0.000682465932463787,0.00026115133021197
"GP","0paret","Utopia Distance",0.0665151451346678,0.00249180417774716,0.00584929205641225,0.000762566576690262,0.173051802109004,0.00378292051060857
"GP","1adapt","Utopia Distance",0.0192887004875625,0.00137537800335266,0.00186522607827891,0.000431479664637375,0.0490288573497615,0.00215928294803479
"GP","2rando","Utopia Distance",0.0362417295468161,0.00186891055393969,0.00302186344730404,0.000548883574960108,0.0995795733961228,0.00299438611335227
