"","method","source","criteria","rate","err","typ2","typ2.err","typ1","typ1.err"
"1","GP","0paret","Pareto Distance",0.228838676886955,0.00420085154281347,0.0661007207770587,0.00248458075919886,0.197621293928098,0.0039820486952608
"2","GP","1adapt","Pareto Distance",0.177687438162529,0.00382249411355683,0.0485750160635618,0.00214977868344596,0.159032604227647,0.00365706487528208
"3","GP","2rando","Pareto Distance",0.238366046207635,0.00426084116370201,0.0756200553672398,0.00264389225562418,0.192597888538819,0.00394339881154832
"4","GP","0paret","Objective Cutoff",0.000905267767781302,0.000300740462533713,0.000213076366289584,0.000145955803156885,0.000907348892677258,0.000301085637429655
"5","GP","1adapt","Objective Cutoff",0.000425563160477419,0.000206247922771082,9.02642277976049e-05,9.50032000338857e-05,0.000494940096681401,0.000222417429843549
"6","GP","2rando","Objective Cutoff",0.0346196001937647,0.00182814341549531,0.0125641596540883,0.00111383578440787,1.00085744729466e-16,1.00042863178473e-10
"7","GP","0paret","Utopia Distance + Priority",0.0665151121193698,0.0024918036033989,0.00584922550841087,0.000762562264301258,0.173052523401955,0.00378292674454808
"8","GP","1adapt","Utopia Distance + Priority",0.019313679639422,0.00137625075542968,0.00187123448987525,0.000432172763065785,0.0490213979704787,0.00215912715029705
"9","GP","2rando","Utopia Distance + Priority",0.0409598644358743,0.0019819726017599,0.00552439876155522,0.000741207108700298,0.0737021660894752,0.00261285584759655
