,method,source,criteria,rate,err,typ2,typ2.err,typ1,typ1.err
1,GP,0paret,Pareto Distance,0.228838676886955,0.004200851542813,0.066100720777059,0.002484580759199,0.197621293928098,0.003982048695261
2,GP,1adapt,Pareto Distance,0.177687438162529,0.003822494113557,0.048575016063562,0.002149778683446,0.159032604227647,0.003657064875282
3,GP,2rando,Pareto Distance,0.238366046207635,0.004260841163702,0.07562005536724,0.002643892255624,0.192597888538819,0.003943398811548
4,GP,0paret,Threshold Cutoff,0.000905267767781,0.000300740462534,0.00021307636629,0.000145955803157,0.000907348892677,0.00030108563743
5,GP,1adapt,Threshold Cutoff,0.000425563160477,0.000206247922771,9.02642277976049E-05,9.50032000338857E-05,0.000494940096681,0.000222417429844
6,GP,2rando,Threshold Cutoff,0.034619600193765,0.001828143415495,0.012564159654088,0.001113835784408,1.00085744729466E-16,1.00042863178473E-10
7,GP,0paret,Utopia Distance,0.06651511211937,0.002491803603399,0.005849225508411,0.000762562264301,0.173052523401955,0.003782926744548
8,GP,1adapt,Utopia Distance,0.019313679639422,0.00137625075543,0.001871234489875,0.000432172763066,0.049021397970479,0.002159127150297
9,GP,2rando,Utopia Distance,0.040959864435874,0.00198197260176,0.005524398761555,0.0007412071087,0.073702166089475,0.002612855847597
