"","method","source","criteria","rate","err","typ2","typ2.err","typ1","typ1.err"
"1","GP","0paret","Pareto Distance",0.228837431159486,0.00420084350172455,0.066100579024094,0.00248457828366855,0.197619845908476,0.00398203769961544
"2","GP","1adapt","Pareto Distance",0.1146972411049,0.00318656215988053,0.0340605877218946,0.00181384850761947,0.0968410564448376,0.00295741214969245
"3","GP","2rando","Pareto Distance",0.238366864111058,0.00426084618596962,0.0756201471765632,0.00264389372928562,0.192598980450199,0.00394340732336571
"4","GP","0paret","Threshold Cutoff",0.000905256064208826,0.000300738520257555,0.000213070792901735,0.000145953894685598,0.000907356654021397,0.000301086923981066
"5","GP","1adapt","Threshold Cutoff",0.000425563450960431,0.000206247993131967,9.02643005147821e-05,9.50032382978784e-05,0.000494940357794537,0.000222417488484328
"6","GP","2rando","Threshold Cutoff",0.0346195851485586,0.00182814303249774,0.0125641544428884,0.00111383555635577,1.00083050215887e-16,1.00041516489849e-10
"7","GP","0paret","Utopia Distance",0.0664862740808025,0.00249130185725566,0.00575138385170291,0.000756194778842943,0.174176011454157,0.00379260765816975
"8","GP","1adapt","Utopia Distance",0.0193138250081322,0.00137625583274649,0.00187120173400101,0.000432168987558303,0.0490226819281652,0.00215915396821846
"9","GP","2rando","Utopia Distance",0.0409593831808184,0.00198196145548457,0.00552418012785267,0.000741192523017313,0.0737044825825365,0.00261289364172706
