"method","dataset","coef"
"SVM-pol","0start",0.78614497348732
"SVM-pol","1adapt",0.786568611426681
"SVM-pol","2rando",0.784683401739035
"SVM-rad","0start",0.834415316719251
"SVM-rad","1adapt",0.75050764534644
"SVM-rad","2rando",0.8158352609763
"GP","0start",0.965075808185335
"GP","1adapt",0.958588988896539
"GP","2rando",0.962026630126921
