"method","dataset","coef"
"SVM-pol","0start",0.809595421778837
"SVM-pol","1adapt",0.772704221334808
"SVM-pol","2rando",0.825022649675777
"SVM-rad","0start",0.860194163549605
"SVM-rad","1adapt",0.869098952029193
"SVM-rad","2rando",0.870443552027018
"GP","0start",0.966644832391395
"GP","1adapt",0.995424073825344
"GP","2rando",0.958707318341696
