"method","dataset","coef"
"SVM-pol","0start",0.549190444426546
"SVM-pol","1adapt",0.493466600377497
"SVM-pol","2rando",0.546504867696347
"SVM-rad","0start",0.703769906669064
"SVM-rad","1adapt",0.620448078876204
"SVM-rad","2rando",0.69520183277379
"GP","0start",0.886816677676959
"GP","1adapt",0.868121749661093
"GP","2rando",0.855183887928598
