"method","dataset","coef"
"SVM-pol","0start",0.812310833596376
"SVM-pol","1adapt",0.769781368381938
"SVM-pol","2rando",0.806980697475743
"SVM-rad","0start",0.864723528858998
"SVM-rad","1adapt",0.865669726516153
"SVM-rad","2rando",0.86067731434489
"GP","0start",0.966644832391395
"GP","1adapt",0.995424073825344
"GP","2rando",0.958707318341696
