"method","dataset","coef"
"SVM-pol","0start",0.810371912338666
"SVM-pol","1adapt",0.771658722903026
"SVM-pol","2rando",0.810670879695419
"SVM-rad","0start",0.862568057536431
"SVM-rad","1adapt",0.865185805866701
"SVM-rad","2rando",0.861489249768383
"GP","0start",0.966644832391395
"GP","1adapt",0.995424073825344
"GP","2rando",0.958707318341696
