"method","dataset","coef"
"SVM-pol","0start",0.786781404129174
"SVM-pol","1adapt",0.783640894552564
"SVM-pol","2rando",0.791714465335837
"SVM-rad","0start",0.833824142727448
"SVM-rad","1adapt",0.743706022852453
"SVM-rad","2rando",0.839766052943834
"GP","0start",0.965075808185335
"GP","1adapt",0.958588988896539
"GP","2rando",0.962026630126921
