"","method","dataset","coef"
"1","SVM-pol","0start",0.789326899090365
"2","SVM-pol","1adapt",0.785944819578534
"3","SVM-pol","2rando",0.818509244798118
"4","SVM-rad","0start",0.835145308289866
"5","SVM-rad","1adapt",0.746367653555137
"6","SVM-rad","2rando",0.805594435449483
"7","GP","0start",0.965075808185335
"8","GP","1adapt",0.958588988896539
"9","GP","2rando",0.962026630126921
