"","method","dataset","coef"
"1","SVM-pol","0start",0.549175097895556
"2","SVM-pol","1adapt",0.492027524004457
"3","SVM-pol","2rando",0.560300448493112
"4","SVM-rad","0start",0.700350904741417
"5","SVM-rad","1adapt",0.620943631867898
"6","SVM-rad","2rando",0.600867362726936
"7","GP","0start",0.886816677676959
"8","GP","1adapt",0.868121749661093
"9","GP","2rando",0.855183887928598
