"","method","dataset","coef"
"1","SVM-pol","0start",0.78769608548898
"2","SVM-pol","1adapt",0.789404007972808
"3","SVM-pol","2rando",0.821104787317887
"4","SVM-rad","0start",0.836746758455737
"5","SVM-rad","1adapt",0.747454077547934
"6","SVM-rad","2rando",0.804816857505627
"7","GP","0start",0.965075808185335
"8","GP","1adapt",0.958588988896539
"9","GP","2rando",0.962026630126921
