"","method","dataset","coef"
"1","SVM-pol","0start",0.555226208525747
"2","SVM-pol","1adapt",0.485091674881765
"3","SVM-pol","2rando",0.561724939952696
"4","SVM-rad","0start",0.694650394820178
"5","SVM-rad","1adapt",0.618643356447247
"6","SVM-rad","2rando",0.599464873455888
"7","GP","0start",0.886816677676959
"8","GP","1adapt",0.868121749661093
"9","GP","2rando",0.855183887928598
