"","method","dataset","coef"
"1","SVM-pol","0start",0.808588107615195
"2","SVM-pol","1adapt",0.773741790444633
"3","SVM-pol","2rando",0.81837261839929
"4","SVM-rad","0start",0.863230797281773
"5","SVM-rad","1adapt",0.868313876045419
"6","SVM-rad","2rando",0.879304739836896
"7","GP","0start",0.966644832391395
"8","GP","1adapt",0.995424073825344
"9","GP","2rando",0.958707318341696
