"method","dataset","coef"
"SVM-pol","0start",0.787938896597405
"SVM-pol","1adapt",0.787167137451049
"SVM-pol","2rando",0.791398597050276
"SVM-rad","0start",0.839785201235025
"SVM-rad","1adapt",0.749391896458843
"SVM-rad","2rando",0.836085482951081
"GP","0start",0.965075808185335
"GP","1adapt",0.958588988896539
"GP","2rando",0.962026630126921
