"method","dataset","coef"
"SVM-pol","0start",0.5435598470717
"SVM-pol","1adapt",0.491867796495921
"SVM-pol","2rando",0.544561049509822
"SVM-rad","0start",0.693839404791852
"SVM-rad","1adapt",0.62099989280258
"SVM-rad","2rando",0.697850290719749
"GP","0start",0.886816677676959
"GP","1adapt",0.868121749661093
"GP","2rando",0.855183887928598
