"method","dataset","coef"
"SVM-pol","0start",0.548124863950166
"SVM-pol","1adapt",0.490426055932579
"SVM-pol","2rando",0.504473046722628
"SVM-rad","0start",0.693042789670321
"SVM-rad","1adapt",0.629499889534218
"SVM-rad","2rando",0.722367919090186
"GP","0start",0.886816677676959
"GP","1adapt",0.868121749661093
"GP","2rando",0.855183887928598
