"","method","dataset","coef"
"1","SVM-pol","0start",0.808607948730618
"2","SVM-pol","1adapt",0.775269639750722
"3","SVM-pol","2rando",0.820907412950004
"4","SVM-rad","0start",0.859570507511978
"5","SVM-rad","1adapt",0.866434979131373
"6","SVM-rad","2rando",0.87627137853666
"7","GP","0start",0.966644832391395
"8","GP","1adapt",0.995424073825344
"9","GP","2rando",0.958707318341696
