"","method","dataset","coef"
"1","SVM-pol","0start",0.545949810893828
"2","SVM-pol","1adapt",0.487649063602125
"3","SVM-pol","2rando",0.560970482107029
"4","SVM-rad","0start",0.690620822571205
"5","SVM-rad","1adapt",0.623301317039903
"6","SVM-rad","2rando",0.59861271021748
"7","GP","0start",0.886816677676959
"8","GP","1adapt",0.868121749661093
"9","GP","2rando",0.855183887928598
