"method","rate","err","typ1","typ1.err","typ2","typ2.err","source","criteria"
"SVM-rad",0.1147,0.00318659551873155,0.12300130592503,0.00328438707624067,0.0214864791133845,0.00144999345959541,"0paret","Pareto Distance"
"SVM-lin",0.2025,0.00401862849738564,0.206701617986972,0.00404939574638661,0.0329475290975005,0.00178499270093381,"0paret","Pareto Distance"
"SVM-pol",0.1332,0.00339790759144506,0.152048425720621,0.00359067823616238,0.0165965755919854,0.0012775417515919,"0paret","Pareto Distance"
"SVM-rad",0.0999,0.00299866620349782,0.117544420953723,0.00322067896655934,0.0133064948633119,0.00114583733827121,"1adapt","Pareto Distance"
"SVM-lin",0.1997,0.00399774824119779,0.213721175788049,0.00409932231969899,0.0190205011389522,0.00136596931427376,"1adapt","Pareto Distance"
"SVM-pol",0.1479,0.00355000830984943,0.162323841206476,0.00368747626138055,0.0215448552176288,0.00145191853873695,"1adapt","Pareto Distance"
"SVM-rad",0.1199,0.00324844562829671,0.114067372771894,0.00317893075169642,0.0300322075379344,0.0017067593283276,"2rando","Pareto Distance"
"SVM-lin",0.1877,0.00390472419000369,0.200183329928498,0.00400137431824662,0.0236057198824682,0.00151817291081413,"2rando","Pareto Distance"
"SVM-pol",0.1034,0.00304480606935811,0.100529457364341,0.00300704648395019,0.0251126590538336,0.00156467291818704,"2rando","Pareto Distance"
