,method,rate,err,typ1,typ1.err,typ2,typ2.err,source,criteria
1,SVM-rad,0.134,0.003406523154185,0.226177860366339,0.004183556332194,0.007248836836194,0.00084830956618,0paret,Utopia Distance
2,SVM-lin,0.2323,0.004222993132838,0.328215202261853,0.004695636093929,0.012239911144021,0.001099549713256,0paret,Utopia Distance
3,SVM-pol,0.1252,0.003309455544346,0.203097193802982,0.004023042675294,0.012269569843441,0.001100864546586,0paret,Utopia Distance
4,SVM-rad,0.1357,0.003424697212893,0.203793961201502,0.004028175549542,0.018544826572604,0.001349107704373,1adapt,Utopia Distance
5,SVM-lin,0.2306,0.004212168562629,0.32559229208925,0.004685957227945,0.015451375157289,0.001233394914982,1adapt,Utopia Distance
6,SVM-pol,0.1986,0.003989461617813,0.296626855123675,0.004567705813022,0.011872111207646,0.001083104989515,1adapt,Utopia Distance
7,SVM-rad,0.1409,0.003479183668621,0.232641148325359,0.004225153777453,0.00887712407823,0.000937993643173,2rando,Utopia Distance
8,SVM-lin,0.2178,0.004127507238031,0.317290169929017,0.004654214412717,0.007310969912166,0.000851910771801,2rando,Utopia Distance
9,SVM-pol,0.1249,0.003306054899726,0.197729945717732,0.003982873513987,0.014178934769599,0.001182281378454,2rando,Utopia Distance
