"","pka2.wk","pka2.st","pka2.pk.wk","pka2.pk.st","pka2.lo.wk","pka2.lo.st","pka1.wk","pka1.st","pka1.pk.wk","pka1.pk.st","pka1.lo.wk","pka1.lo.st","logA.wk","logA.st","logA.pk.wk","logA.pk.st","logA.lo.wk","logA.lo.st","Na.A.wk","Na.A.st","Na.A.pk.wk","Na.A.pk.st","Na.A.lo.wk","Na.A.lo.st"
"1",8.66216216216216,9.12162162162162,10.7297297297297,10.7297297297297,4.06756756756757,4.06756756756757,4.14006574141709,4.53305332359386,7.49287801314828,5.96530314097882,3.16216216216216,13.1265522279036,-1.62837837837838,-1.35810810810811,0.0270270270270272,0.0270270270270272,-2,-2,-7.96429875821768,-7.34306062819576,-2.91729364499635,-2.64846603360117,1.06718407596786,1.03108108108108
"2",19,13.2567567567568,10.7297297297297,10.7297297297297,6.59459459459459,6.59459459459459,11.9632943754565,8.43918918918919,7.49287801314828,5.83509861212564,3.16216216216216,13.2567567567568,0.5,0.331081081081081,-1.32432432432432,-1.29054054054054,-2,-2,-0.128159240321404,-1.12589481373265,-0.925054784514245,-5.6936084733382,-8.62837837837838,1.03108108108108
