"","typ","p","s","sd","l","h","region"
"1",-1,0.257275537807478,0.280778870574296,0.01473939739674,0,0.538054408381774,"Full Viable Region"
"2",1,0.402051150620913,0.347061260418288,0.00380401538853997,0.0549898902026247,0.749112411039201,"Full Viable Region"
"3",-1,0.0115249508680986,0.0590873806140156,0.00382940548222002,0,0.0706123314821143,"Maximum Flux"
"4",1,0.0123999887573618,0.0781514904010583,0.00543246793271115,0,0.0905514791584201,"Maximum Flux"
"5",-1,0.204208947983819,0.232982619562471,0.0187477959994464,0,0.43719156754629,"Minimum Energy"
"6",1,0.262735671111147,0.268890234388389,0.00764854936713533,0,0.531625905499536,"Minimum Energy"
