"","typ","p","s","sd","l","h","region"
"1",-1,0.131069797613266,0.119745966162013,0.0387692044719738,0.0113238314512538,0.250815763775279,"Full Viable Region"
"2",1,0.21461897440735,0.111951926777972,0.0346186202535446,0.102667047629378,0.326570901185322,"Full Viable Region"
"3",-1,0.0265862386982536,0.0427997604226944,0.0210315012116041,0,0.069385999120948,"Maximum Flux"
"4",1,0.0137742868632689,0.0262470476132584,0.0139358558810895,0,0.0400213344765273,"Maximum Flux"
"5",-1,0.106774378782473,0.108637501007257,0.0399547835362401,0,0.21541187978973,"Minimum Energy"
"6",1,0.174430936658984,0.104536647323506,0.0500465382766476,0.0698942893354773,0.27896758398249,"Minimum Energy"
