"","pka1","pka2","logA","Na.A","acid","label","Energy.kJ.mol","Flux.mol.m2s","typ"
"1",12.2613221329438,16.7027027027027,0.466216216216216,-1.25624543462381,-1,"Global High Flux",41.5403654917161,0.02988,"+Acid"
"4",4.92,9.49,-1.63,-2.18,-1,"Bad Result",25.7855897716128,0.0048999,"+Acid"
"9",6.37527392257122,10.7297297297297,0.162162162162162,-4.39744338933528,1,"Peak Prediction",13.4141761387125,0.015287,"+Acid"
