"","pka2.wk","pka2.st","pka2.pk.wk","pka2.pk.st","pka2.lo.wk","pka2.lo.st","pka1.wk","pka1.st","pka1.pk.wk","pka1.pk.st","pka1.lo.wk","pka1.lo.st","logA.wk","logA.st","logA.pk.wk","logA.pk.st","logA.lo.wk","logA.lo.st","Na.A.wk","Na.A.st","Na.A.pk.wk","Na.A.pk.st","Na.A.lo.wk","Na.A.lo.st"
"1",13.9459459459459,16.0135135135135,16.7027027027027,16.7027027027027,4.06756756756757,4.06756756756757,9.67531044558072,10.9574506939372,9.67531044558072,11.0381665449233,13.4317019722425,12.5314097881665,0.195945945945946,0.162162162162162,0.466216216216216,0.432432432432432,-2,-2,-6.58772826880935,-6.51197954711468,-5.83058802045289,-5.42578524470416,1.2,1.09138056975895
"2",19,18.5405405405405,16.7027027027027,16.7027027027027,6.59459459459459,6.59459459459459,13.2268078889701,12.4103360116874,12.6804236669102,10.9574506939372,8.51424397370343,11.2399561723886,0.5,0.5,0.364864864864865,0.364864864864865,-1.7972972972973,-1.83108108108108,0.0102081811541268,-0.103433162892622,-0.422443389335282,-0.429291453615778,1.09183710737765,1.2
