"","pka2.wk","pka2.st","pka2.pk.wk","pka2.pk.st","pka2.lo.wk","pka2.lo.st","pka1.wk","pka1.st","pka1.pk.wk","pka1.pk.st","pka1.lo.wk","pka1.lo.st","logA.wk","logA.st","logA.pk.wk","logA.pk.st","logA.lo.wk","logA.lo.st","Na.A.wk","Na.A.st","Na.A.pk.wk","Na.A.pk.st","Na.A.lo.wk","Na.A.lo.st"
"1",8.66216216216216,9.12162162162162,10.2702702702703,10.2702702702703,4.52702702702703,4.52702702702703,4.00036523009496,4.7063550036523,4.83856829802776,4.92330168005844,13.5,11.6486486486486,-1.56081081081081,-1.39189189189189,-0.277027027027027,-0.581081081081081,-1.93243243243243,-2,-7.90129656683711,-7.11395178962746,-4.20801680058437,-3.15233747260774,0.936194302410518,0.425894813732651
"2",16.7027027027027,11.6486486486486,10.5,10.5,6.36486486486486,6.36486486486486,9.86778670562454,9.04528853177502,5.67677136596055,9.04528853177502,3.16216216216216,3.62162162162162,0.5,0.364864864864865,-1.25675675675676,-1.18918918918919,-2,-2,-0.250931336742148,-2.00219138056976,-0.910445580715852,-3.15233747260774,-8.56081081081081,-8.39189189189189
