"","ener","flux","p.acpt","p.ener","p.flux","p.capt"
"Min",8.1919499399593,-0.0211512618017734,3.2603180177916e-28,9.72826064198298e-31,0,2.19635860609912e-08
"Max",10782.8999578455,0.0302094780927334,0.929424555971749,0.838435185514378,0.672642799506867,0.999999999800867
"Mean",311.719312589141,0.00470575303035311,0.270442426359039,0.188412143976082,0.0117480581375994,0.763529948192489
"SD",670.01186565681,0.00702620375769858,0.232957738635213,0.17384834634364,0.0639896847712364,0.290989225022196
"Median",73.7256859014449,0.00481968858684837,0.287066993072647,0.182865497878326,1.95520783075425e-06,0.92363821697402
