"","pka1","pka2","logA","Na.A","Energy.kJ.mol","Flux.mol.m2s","order"
"1",13.5,5.5,0.5,-7,45.0304617979096,0.0030867,0
"2",7.75,2.75,0.5,-3.15,16.3463793767486,0.0022257,0
"3",5.72404472519594,3.72270103808268,0.0191371092126894,-5.10845523159717,10.869843983099,0.0011565,107
"4",3.91785834985464,5.34192992061822,-0.96073253441967,-6.72378735828857,9.01159462269821,0.00054157,109
"5",5.40043741464615,5.22872367501259,0.17389190196991,-1.33969748020172,12.50625719107,0.0015516,118
