"","pka1","pka2","logA","Na.A","Energy.kJ.mol","Flux.mol.m2s"
"1",13.5,5.5,0.5,-7,45.0304617979096,0.030867
"2",6.22351438680198,2.19292475841939,-0.888175234897062,-4.18959663894493,10.4232858452205,0.005815
"3",7.75,2.75,0.5,-3.15,16.3463793767486,0.022472
"4",4.62446316486668,3.98792737813881,-0.18094684534932,-4.30243978758731,11.6345288530284,0.0099058
