"","pka1","pka2","logA","Na.A","Energy.kJ.mol","Flux.mol.m2s","order"
"1",13.5,5.5,0.5,-7,45.0304617979096,0.030867,0
"2",7.75,2.75,0.5,-3.15,16.3463793767486,0.022472,0
"3",4.62446316486668,3.98792737813881,-0.18094684534932,-4.30243978758731,11.6345288530284,0.0099058,93
"4",4.73871088027954,5.1169466227293,-0.864814162254333,-1.29334102571011,10.3486389539905,0.0063839,104
"5",5.86792763613792,3.09741559102537,-1.10449433878957,-6.6306355002569,9.55315047581835,0.0056903,106
"6",11.1354998787077,5.12545452573414,0.430363764869981,-0.863002285163385,40.8373714912351,0.02818,156
"7",6.75491882453207,3.98090061743278,0.360714872484095,-1.5295047491556,14.4632834446388,0.019194,190
