"","pka1","pka2","logA","Na.A","Energy.kJ.mol","Flux.mol.m2s"
"1",13.5,5.5,0.5,-7,45.0304617979096,0.0030867
"2",5.39830019348301,4.78326060948893,-0.820288208080456,-1.00463951949496,12.0247010445794,0.00064609
"3",7.75,2.75,0.5,-3.15,16.3463793767486,0.0022257
"4",7.75,2.75,-0.75,-7,15.8574328804966,0.00067345
