"","pka1","pka2","logA","Na.A","Energy.kJ.mol","Flux.mol.m2s","order"
"8",13.5,5.5,0.5,-7,45.0304617979096,0.0030867,0
"50",7.75,2.75,0.5,-3.15,16.3463793767486,0.0022257,0
"159",5.72404472519594,3.72270103808268,0.0191371092126894,-5.10845523159717,10.869843983099,0.0011565,107
"161",3.91785834985464,5.34192992061822,-0.96073253441967,-6.72378735828857,9.01159462269821,0.00054157,109
"170",5.40043741464615,5.22872367501259,0.17389190196991,-1.33969748020172,12.50625719107,0.0015516,118
"x110",12.1669253472406,3.52945801168743,0.396520913155498,-6.54396213435102,40.4137824095392,0.0026573,310
"x129",10.5564807539993,5.23714255169034,0.263242543695433,-4.64838562421221,35.0014510399017,0.0023094,320
"x157",6.27987120620949,5.09816308429383,0.305657383585017,-6.64818255438722,15.0113037583287,0.0017972,348
