"","pka2.wk","pka2.st","pka2.pk.wk","pka2.pk.st","pka2.lo.wk","pka2.lo.st","pka1.wk","pka1.st","pka1.pk.wk","pka1.pk.st","pka1.lo.wk","pka1.lo.st","logA.wk","logA.st","logA.pk.wk","logA.pk.st","logA.lo.wk","logA.lo.st","Na.A.wk","Na.A.st","Na.A.pk.wk","Na.A.pk.st","Na.A.lo.wk","Na.A.lo.st"
"1",8.66216216216216,8.89189189189189,12.1081081081081,12.1081081081081,6.59459459459459,6.59459459459459,3.58126369612856,4.21146822498174,6.79437545653762,4.48466033601169,3.16216216216216,3.39189189189189,-1.69594594594595,-1.62837837837838,-1.22297297297297,-1.32432432432432,-2,-2,-8.29475894813733,-7.6986669101534,-6.69001095690285,-5.70642804967129,-8.69594594594595,0.934368151935718
"2",19,13.9459459459459,9.35135135135135,9.35135135135135,7.05405405405405,7.05405405405405,13.5,7.76296566837107,5.81647187728269,4.75785244704164,3.16216216216216,3.39189189189189,0.5,0.5,-0.817567567567568,-0.817567567567568,-2,-2,0.13016800584368,-2.51884587289993,-6.28882395909423,-5.70642804967129,-8.69594594594595,0.934368151935718
