"","pka2.wk","pka2.st","pka2.pk.wk","pka2.pk.st","pka2.lo.wk","pka2.lo.st","pka1.wk","pka1.st","pka1.pk.wk","pka1.pk.st","pka1.lo.wk","pka1.lo.st","logA.wk","logA.st","logA.pk.wk","logA.pk.st","logA.lo.wk","logA.lo.st","Na.A.wk","Na.A.st","Na.A.pk.wk","Na.A.pk.st","Na.A.lo.wk","Na.A.lo.st"
"1",8.66216216216216,9.12162162162162,12.3378378378378,12.3378378378378,5.21621621621622,5.21621621621622,3.86066471877283,4.42257121986852,5.95617238860482,6.02447041636231,3.16216216216216,11.3641344046749,-1.31621621621622,-0.663513513513514,0.244594594594595,-0.408108108108108,-1.6,-1.57162162162162,-8.18876917457998,-7.21201607012418,-5.00259313367421,-4.84165449233017,-0.159605551497442,-0.100931336742148
"2",18.0810810810811,17.3918918918919,10.2702702702703,10.2702702702703,6.82432432432432,6.82432432432432,13.3602994886779,8.16033601168736,12.6617969320672,5.75748721694668,3.16216216216216,3.62162162162162,0.414864864864865,-0.0108108108108107,-0.578378378378378,-0.663513513513514,0.5,0.471621621621622,-0.159605551497442,-2.47129291453616,-0.159605551497442,-3.37428780131483,0.732523739956173,0.689189189189189
