"","pka2.wk","pka2.st","pka2.pk.wk","pka2.pk.st","pka1.wk","pka1.st","pka1.pk.wk","pka1.pk.st","logA.wk","logA.st","logA.pk.wk","logA.pk.st","Na.A.wk","Na.A.st","Na.A.pk.wk","Na.A.pk.st"
"1",8.89189189189189,9.81081081081081,12.1081081081081,12.1081081081081,5.16764061358656,6.17348429510592,9.26552227903579,6.17348429510592,0.159459459459459,0.32972972972973,0.443243243243243,0.414864864864865,-5.10204528853178,-2.73513513513514,-2.49430241051863,-2.41607012417823
"2",19,19,18.7702702702703,18.7702702702703,13.363403944485,10.6439006574142,13.363403944485,10.6439006574142,0.5,0.5,0.414864864864865,0.32972972972973,0.330752373995617,-1.67158509861213,0.330752373995617,-1.77794010226443
