"","typ","p","s","sd","l","h","region"
"1",-1,0.238415014912883,0.234054847171599,0.0727050178349828,0.00436016774128445,0.472469862084482,"Full Viable Region"
"2",1,0.26143409898614,0.26075361770261,0.0195103361177707,0.000680481283530321,0.522187716688749,"Full Viable Region"
"3",-1,0.0132545853457988,0.0759122859738215,0.0203489944056776,0,0.0891668713196203,"Maximum Flux"
"4",1,0.0155648070465117,0.0797753592882647,0.0071359470728134,0,0.0953401663347764,"Maximum Flux"
"5",-1,0.184406867012919,0.188260481129998,0.0439337283721635,0,0.372667348142917,"Minimum Energy"
"6",1,0.212683785974691,0.221941846383055,0.026791886157369,0,0.434625632357746,"Minimum Energy"
