"","typ","p","s","sd","l","h","region"
"1",-1,0.222818307381398,0.144409312171789,0.0172478758811828,0.0784089952096097,0.367227619553187,"Full Viable Region"
"2",1,0.207798912101876,0.127986769630261,0.0546213754401941,0.079812142471615,0.335785681732137,"Full Viable Region"
"3",-1,0.218766008943472,0.143994752847657,0.0163395255282568,0.074771256095815,0.362760761791129,"Maximum Flux"
"4",1,0.204008945435233,0.129617930644049,0.0538048472522194,0.0743910147911843,0.333626876079281,"Maximum Flux"
"5",-1,0.138659846279528,0.105242074095221,0.0114109169048943,0.033417772184307,0.24390192037475,"Minimum Energy"
"6",1,0.123187307197802,0.0904802960699638,0.0379812107627063,0.0327070111278383,0.213667603267766,"Minimum Energy"
