"","pka2.wk","pka2.st","pka2.pk.wk","pka2.pk.st","pka1.wk","pka1.st","pka1.pk.wk","pka1.pk.st","logA.wk","logA.st","logA.pk.wk","logA.pk.st","Na.A.wk","Na.A.st","Na.A.pk.wk","Na.A.pk.st"
"1",8.66216216216216,10.2702702702703,12.3378378378378,12.3378378378378,3.72096420745069,6.53981008035062,10.0074872169467,6.53981008035062,-0.0108108108108107,0.358108108108108,0.386486486486487,0.5,-7.01081081081081,-2.40303140978817,-1.90679327976625,-2.08511687363039
"2",19,19,19,19,13.5,6.53981008035062,13.5,6.53981008035062,0.5,0.5,0.272972972972973,0.443243243243243,0.312344777209642,-1.76720233747261,0.201387874360847,-1.76720233747261
