"","pka2.wk","pka2.st","pka2.pk.wk","pka2.pk.st","pka2.lo.wk","pka2.lo.st","pka1.wk","pka1.st","pka1.pk.wk","pka1.pk.st","pka1.lo.wk","pka1.lo.st","logA.wk","logA.st","logA.pk.wk","logA.pk.st","logA.lo.wk","logA.lo.st","Na.A.wk","Na.A.st","Na.A.pk.wk","Na.A.pk.st","Na.A.lo.wk","Na.A.lo.st"
"1",14.1756756756757,15.7837837837838,16.0135135135135,16.0135135135135,7.28378378378378,7.28378378378378,8.87125639152666,10.2837837837838,12.8480642804967,10.8053323593864,9.58838568298028,10.8487947406866,0.22972972972973,0.297297297297297,0.398648648648649,0.398648648648649,-2,-2,-6.55485756026297,-6.38506208911614,-5.69320672023375,-4.58509861212564,0.876880934989043,0.920672023374726
"2",19,18.5405405405405,16.0135135135135,16.0135135135135,7.05405405405405,7.05405405405405,13.108838568298,11.5876552227904,11.4138056975895,10.2837837837838,9.00164353542732,12.1526661796932,0.5,0.432432432432432,0.364864864864865,0.364864864864865,-2,-2,-2.13889700511322,-3.63217677136596,-5.47779401022644,-4.58509861212564,0.769174579985391,0.603031409788167
