"","pka2.wk","pka2.st","pka2.pk.wk","pka2.pk.st","pka2.lo.wk","pka2.lo.st","pka1.wk","pka1.st","pka1.pk.wk","pka1.pk.st","pka1.lo.wk","pka1.lo.st","logA.wk","logA.st","logA.pk.wk","logA.pk.st","logA.lo.wk","logA.lo.st","Na.A.wk","Na.A.st","Na.A.pk.wk","Na.A.pk.st","Na.A.lo.wk","Na.A.lo.st"
"1",14.4054054054054,15.3243243243243,15.7837837837838,15.7837837837838,6.82432432432432,6.82432432432432,9.02958363769175,10.3210372534697,11.6373265157049,11.5628195763331,8.90540540540541,9.87399561723886,0.263513513513514,0.297297297297297,0.398648648648649,0.398648648648649,-1.93243243243243,-2,-6.62923666910153,-6.38369247626004,-4.48424032140248,-3.83161066471877,0.985500365230095,0.740869247626004
"2",19,16.0135135135135,15.7837837837838,15.7837837837838,6.82432432432432,6.82432432432432,13.5,12.8046018991965,11.6373265157049,11.5628195763331,8.90540540540541,12.2582176771366,0.5,0.466216216216216,0.398648648648649,0.398648648648649,-2,-2,-1.052246165084,-3.40626369612856,-5.3422388604821,-3.83161066471877,1.2,1.16621621621622
