"","pka2.wk","pka2.st","pka2.pk.wk","pka2.pk.st","pka2.lo.wk","pka2.lo.st","pka1.wk","pka1.st","pka1.pk.wk","pka1.pk.st","pka1.lo.wk","pka1.lo.st","logA.wk","logA.st","logA.pk.wk","logA.pk.st","logA.lo.wk","logA.lo.st","Na.A.wk","Na.A.st","Na.A.pk.wk","Na.A.pk.st","Na.A.lo.wk","Na.A.lo.st"
"1",8.89189189189189,9.12162162162162,12.3378378378378,12.3378378378378,5.67567567567568,5.67567567567568,3.93827611395179,4.2890796201607,9.81190650109569,8.16033601168736,3.39189189189189,3.62162162162162,-1.69594594594595,-1.62837837837838,-0.243243243243243,-0.243243243243243,-2,-2,-8.16102994886779,-7.6986669101534,-6.55628195763331,-5.17516435354273,-8.69594594594595,-8.62837837837838
"2",19,16.472972972973,9.58108108108108,9.58108108108108,6.82432432432432,6.82432432432432,11.4510591672754,8.29382761139518,4.75785244704164,4.2890796201607,13.2268078889701,13.0995252008766,0.5,0.5,0.0945945945945947,0.128378378378379,-2,-2,0.13016800584368,-2.38602994886779,-6.02136596055515,-5.17516435354273,-8.69594594594595,-8.62837837837838
