"","pka2.wk","pka2.st","pka2.pk.wk","pka2.pk.st","pka2.lo.wk","pka2.lo.st","pka1.wk","pka1.st","pka1.pk.wk","pka1.pk.st","pka1.lo.wk","pka1.lo.st","logA.wk","logA.st","logA.pk.wk","logA.pk.st","logA.lo.wk","logA.lo.st","Na.A.wk","Na.A.st","Na.A.pk.wk","Na.A.pk.st","Na.A.lo.wk","Na.A.lo.st"
"1",8.66216216216216,8.89189189189189,9.35135135135135,9.35135135135135,6.82432432432432,6.82432432432432,3.58126369612856,4.07395909422936,4.41946676406136,4.89243973703433,3.16216216216216,13.4864864864865,-1.69594594594595,-1.39189189189189,-1.32432432432432,-1.32432432432432,-2,-2,-8.29475894813733,-7.76205259313367,-6.55628195763331,-6.3764061358656,-8.69594594594595,0.92972972972973
"2",19,13.4864864864865,9.35135135135135,9.35135135135135,7.28378378378378,7.28378378378378,11.6838933528123,5.98374726077429,4.55916727538349,4.89243973703433,3.16216216216216,13.4864864864865,0.5,0.22972972972973,-0.817567567567568,-0.817567567567568,-2,-2,-0.137289992695399,-2.47140248356465,-6.55628195763331,-6.3764061358656,-8.69594594594595,0.92972972972973
