"","pka2.wk","pka2.st","pka2.pk.wk","pka2.pk.st","pka1.wk","pka1.st","pka1.pk.wk","pka1.pk.st","logA.wk","logA.st","logA.pk.wk","logA.pk.st","Na.A.wk","Na.A.st","Na.A.pk.wk","Na.A.pk.st"
"1",9.12162162162162,10.0405405405405,11.6486486486486,11.6486486486486,5.35701241782323,5.54474068663258,7.35938641344047,5.99105186267348,0.0743243243243243,0.216216216216216,0.414864864864865,0.443243243243243,-6.92567567567568,-2.69857560262966,-2.42361212563915,-2.48356464572681
"2",19,12.7972972972973,18.3108108108108,10.7297297297297,13.3665084002922,11.7930971512053,13.3665084002922,10.9004747991234,0.5,0.471621621621622,0.358108108108108,0.443243243243243,0.321548575602629,-1.73102629656684,0.211742147552958,-1.73102629656684
