"","pka1","pka2","logA","Na.A","Energy.kJ.mol","Flux.mol.m2s","order"
"1",7.75,2.75,0.5,-3.15,16.3385293141826,0.02247,0
"2",7.75,2.75,-0.75,0.7,9.728901208372,0.0061317,0
"3",13.5,5.5,0.5,-7,45.0304589872741,0.030867,0
"4",5.89145821298007,4.32628424128052,-0.829777751816437,-3.06708369439002,11.5204127319792,0.0064879,0
"5",4.00295361049939,4.63493040390313,-1.20235350436997,-1.97742384867743,8.77797613587031,0.0053304,0
"6",6.38321276002561,4.42351876129015,-0.7922841122359,-3.96327353269283,13.515148892064,0.0065986,70
"7",2.97066234052181,5.4588545113802,-0.121438235044479,-4.68330773711205,13.6835607848063,0.010037,102
