"","pka1","pka2","logA","Na.A","Energy.kJ.mol","Flux.mol.m2s"
"1",7.75,2.75,0.5,-3.15,16.3385293141826,0.02247
"2",7.75,2.75,-0.75,0.7,9.728901208372,0.0061317
"3",13.5,5.5,0.5,-7,45.0304589872741,0.030867
"4",5.89145821298007,4.32628424128052,-0.829777751816437,-3.06708369439002,11.5204127319792,0.0064879
"5",4.00295361049939,4.63493040390313,-1.20235350436997,-1.97742384867743,8.77797613587031,0.0053304
"6",6.61844249791466,4.21574345580302,-0.313761682366021,-6.17019390743226,13.8307770639066,0.0093196
"7",6.38321276002561,4.42351876129015,-0.7922841122359,-3.96327353269283,13.515148892064,0.0065986
