"","pka1","pka2","logA","Na.A","Energy.kJ.mol","Flux.mol.m2s"
"1",7.75,5.5,-0.75,2,12.8297020674996,6.2683e-05
"2",13.5,5.5,0.5,-1,85.5468097709056,0.0002507
"3",9.17192470177542,4.96793955459725,0.177307677920908,0.0961745651438832,28.2378334123164,0.00017024
"4",5.50303759309463,4.25441817392129,-1.10734772798605,2.78251382289454,7.99159872699757,3.5722e-05
"5",11.5582838925766,2.8177880840376,0.41254900873173,1.50839423481375,24.4042340592514,0.00016056
"6",11.8666983417892,2.33155300390228,-0.439725752798679,1.37040777519189,22.7264394555194,6.9104e-05
"7",7.9074679796933,2.58779493705708,-0.446752373816208,2.28408305726341,11.7534519764972,6.2413e-05
"8",8.13076626135719,5.06027532880016,-0.722656938313087,3.96073379169015,11.5957437647871,5.5392e-05
