"","pka1","pka2","logA","Na.A","Energy.kJ.mol","Flux.mol.m2s"
"1",7.75,2.75,0.5,-3.15,1.21321296165291,-0.0022249
"2",7.75,2.75,-0.75,-7,1.20023285008107,-0.00067345
"3",7.75,2.75,-0.75,0.7,0.988063793393999,-0.00031514
"4",6.7551531183999,3.33373010670766,-0.954951471532695,-6.73817566649523,1.10601167802915,-0.00060542
"5",13.5,3.56371604759949,0.5,-7,1.65340516561629,-0.0030788
"6",12.1031868254192,3.75,0.5,-7,1.61195403703912,-0.0030082
"7",7.6423128497396,2.58524660580006,-0.960253219833418,0.468845566197118,1.02578002462572,-0.00047144
"8",6.21438661502798,3.75,-1.07451627564593,-7,1.06788769786673,-0.00057526
