"","pka1","pka2","logA","Na.A","Energy.kJ.mol","Flux.mol.m2s"
"1",7.75,2.75,-0.75,0.7,0.988063793393999,-0.0061317
"2",5.89145821298007,4.32628424128052,-0.829777751816437,-3.06708369439002,1.06146803846308,-0.0064879
"3",4.00295361049939,4.63493040390313,-1.20235350436997,-1.97742384867743,0.943394395821562,-0.0053304
"4",6.61844249791466,4.21574345580302,-0.313761682366021,-6.17019390743226,1.14084658105553,-0.0093196
"5",7.08962190616876,4.6425938497996,0.36044512654189,-3.73480951560196,1.24302090174568,-0.01914
"6",7.85231305397363,2.92704423439531,-0.298612497252914,-2.984248393391,1.21899664356493,-0.0094483
"7",6.38321276002561,4.42351876129015,-0.7922841122359,-3.96327353269283,1.13082083454422,-0.0065986
"8",11.1723689423386,5.49999999999963,0.5,-3.73602104640958,1.58267127618938,-0.030962
"9",12.0124985984646,5.5,0.5,-3.75350985950452,1.61067599543371,-0.031116
"10",11.6237306247735,5.5,0.5,-3.13887650729601,1.59796855304093,-0.031078
"11",9.64448658598436,5.5,0.499999998852655,-5.46069611621872,1.51922895891255,-0.027868
