"","pka1","pka2","logA","Na.A","Energy.kJ.mol","Flux.mol.m2s"
"1",7.75,2.75,-0.75,0.7,0.988063793393999,-0.0061317
"2",5.89145821298007,4.32628424128052,-0.829777751816437,-3.06708369439002,1.06146803846308,-0.0064879
"3",4.00295361049939,4.63493040390313,-1.20235350436997,-1.97742384867743,0.943394395821562,-0.0053304
"4",6.61844249791466,4.21574345580302,-0.313761682366021,-6.17019390743226,1.14084658105553,-0.0093196
"5",6.38321276002561,4.42351876129015,-0.7922841122359,-3.96327353269283,1.13082083454422,-0.0065986
"6",7.21135701303432,4.96871568632372,-0.313242705513493,-3.98530271655871,1.26842284081913,-0.009348
"7",11.1093258162686,5.5,-0.3,-7,1.53376102149285,-0.012343
"8",11.3692951320571,5.5,-0.3,-5.21133871405921,1.54262318752849,-0.012346
"9",10.2554879041261,5.5,-0.3,-7,1.50241807482318,-0.012271
"10",11.2714857602174,5.5,-0.3,-4.14430772023294,1.53931304608919,-0.012345
"11",9.92770605179013,5.5,-0.3,-4.96838561183242,1.48921850231758,-0.012181
"12",10.0994842946107,5.36580455193126,-0.3,-4.1226910687888,1.49601811516295,-0.012194
"13",10.6365278394608,5.5,-0.3,-4.63484415792009,1.51686491273845,-0.01232
